{"cameraMode":{"drawMode":0,"name":"Shaded","section":"Shading Mode"},"sceneLighting":true,"audioPlay":false,"sceneViewState":{"showFog":true,"showMaterialUpdate":false,"showSkybox":true,"showFlares":true,"showImageEffects":true,"showParticleSystems":true},"in2DMode":false,"pivot":{"x":0.7939395904541016,"y":2.584839344024658,"z":-23.067777633666993},"rotation":{"x":0.0026891983579844238,"y":0.03059205412864685,"z":0.00008244405034929514,"w":-0.9995334148406982},"size":2.8578836917877199,"orthographic":false}