{"cameraMode":{"drawMode":0,"name":"Shaded","section":"Shading Mode"},"sceneLighting":false,"audioPlay":false,"sceneViewState":{"showFog":true,"showMaterialUpdate":false,"showSkybox":false,"showFlares":true,"showImageEffects":true,"showParticleSystems":true},"in2DMode":false,"pivot":{"x":-0.19804736971855164,"y":-0.5702409148216248,"z":4.589104175567627},"rotation":{"x":-0.013809689320623875,"y":0.009282178245484829,"z":-0.0001241137506440282,"w":-0.9999071955680847},"size":7.192183494567871,"orthographic":false}