{"cameraMode":{"drawMode":0,"name":"Shaded","section":"Shading Mode"},"sceneLighting":true,"audioPlay":false,"sceneViewState":{"showFog":true,"showMaterialUpdate":false,"showSkybox":true,"showFlares":true,"showImageEffects":true,"showParticleSystems":true},"in2DMode":false,"pivot":{"x":-0.07136455923318863,"y":1.0985193252563477,"z":-3.930809259414673},"rotation":{"x":-0.016517585143446924,"y":0.9834177494049072,"z":-0.12188319861888886,"w":-0.13327236473560334},"size":10.0,"orthographic":false}